incomegroup,income_pop,income_deliveries,world_deliveries,income_delivery_proportion,income_deliveries_per,income_fullvac,income_fullvac_per,income_onevac_per,equal_fullvac_per,equal_booster_per
High Income Economies,1213356160,2842823168,13737749504,.20693514,234.2942,880845568,72.595795,78.11145,88.124557,58.749702
Low Income Economies,665149056,316011424,13737749504,.023003144,47.509865,108616008,16.329575,20.114855,88.12455,58.749702
Lower Middle Income Economies,3329213696,4804612608,13737749504,.34973797,144.31674,1824353024,54.798317,62.560802,88.124557,58.749702
Upper Middle Income Economies,2583899136,5774302208,13737749504,.42032373,223.47243,1969011456,76.20311,80.37027,88.124557,58.749702
